<?xml version="1.0" encoding="UTF-8"?>
<project-private xmlns="http://www.netbeans.org/ns/project-private/1">
    <editor-bookmarks xmlns="http://www.netbeans.org/ns/editor-bookmarks/2" lastBookmarkId="0"/>
    <open-files xmlns="http://www.netbeans.org/ns/projectui-open-files/2">
        <group>
            <file>file:/C:/Users/PNC2/Documents/Vanie%20Files/GamingG-Shop/src/Pages/store.java</file>
            <file>file:/C:/Users/PNC2/Documents/Vanie%20Files/GamingG-Shop/src/Pages/Login.java</file>
            <file>file:/C:/Users/PNC2/Documents/Vanie%20Files/GamingG-Shop/src/Pages/User_Dashboard.java</file>
        </group>
    </open-files>
</project-private>
